first_name,last_name,job_title,department,email,address,phone_number,salary,password
Harold,Powell,Medical illustrator,Clinical molecular geneticist,markdavis@example.net,West Janetshire,738-879-2634x53709,52561,E631bnHJ
Shelly,Delacruz,"Physicist, medical","Scientist, water quality",tara33@example.net,Hayesborough,+1-610-384-6041x56493,70167,qbmq4oEv
Christopher,Richardson,Astronomer,Chartered legal executive (England and Wales),asmith@example.net,Weekshaven,(527)438-2999,52452,cmwwMyao
Daniel,Reed,Sport and exercise psychologist,Equities trader,bakerjulia@example.com,Maryburgh,226.688.9458x7898,11521,cHwBcDCn
Glen,Berry,Barrister,Patent examiner,webbamanda@example.net,Jacquelineside,570.876.0339,46850,CU2GT5mZ
Ashley,Miranda,Software engineer,Media planner,deborah53@example.org,Stephensonville,+1-578-257-1169x8512,36042,GuP8dW2s
Jessica,Lawrence,Event organiser,"Nurse, adult",wchavez@example.com,Port Laceyberg,832-659-2270,87472,VH1JkPkI
Karen,Davis,Landscape architect,"Investment banker, operational",lauramoore@example.org,Lake James,+1-476-466-8778x64328,89252,VYD9km3Z
Richard,Turner,"Merchandiser, retail",Archivist,ucopeland@example.com,Ingrammouth,(297)317-8685x398,68646,zyzBLJOF
Christie,Schultz,"Geneticist, molecular","Therapist, speech and language",michaelperez@example.org,Frostfurt,343.481.3317,30970,coq9e7OB
Amy,Rocha,"Surveyor, insurance",Animator,xmoore@example.net,Port Tammyfurt,590-917-6093,1309,OPl1wSsZ
Lisa,Hall,Armed forces operational officer,Sales promotion account executive,gary87@example.net,Jenkinsberg,(439)410-5876,29491,ghzHC5Ch
Melanie,Liu,Health visitor,Special effects artist,rstanley@example.org,New Rebecca,(544)931-3389,87576,M5JcLAFQ
Carlos,Williams,Clinical psychologist,Teaching laboratory technician,emily83@example.org,Melissafurt,800-822-1564,10629,xNmFiJxH
Heather,Burgess,Naval architect,Podiatrist,jeremy60@example.net,Gutierrezhaven,5186034819,97848,XBmTmRmg
Jacob,Rogers,Training and development officer,Sports therapist,joseph63@example.net,Lake Jenna,754.458.9295,59031,FNkG6vEm
Jessica,Hernandez,"Scientist, clinical (histocompatibility and immunogenetics)","Librarian, public",klevy@example.org,Howardstad,(213)702-4287,81017,y0kMlAZO
Joseph,Ramirez,Engineering geologist,Technical sales engineer,matthewcunningham@example.net,Lake William,001-459-324-4012x657,11518,wk5s02bi
Melissa,Moss,Fast food restaurant manager,Arts administrator,randallbenjamin@example.org,West Thomasstad,(204)250-1716x7381,9716,iXIBP5ef
Erin,Salazar,Tax inspector,Accounting technician,kreese@example.org,Smithborough,001-827-380-8309x78876,90958,H85KVmTK
Margaret,Martin,"Administrator, Civil Service",Artist,matthew09@example.com,Michaelmouth,576.312.4470x830,67095,UpwQZ8Sx
Linda,Snyder,"Designer, blown glass/stained glass",Printmaker,jonathan96@example.com,New Mirandabury,(598)809-1970x26510,26008,IdWU7MHi
Sonya,Oliver,"Scientist, clinical (histocompatibility and immunogenetics)",Quality manager,andersonsandra@example.org,West Jeremiah,001-216-703-5042x28670,44993,PysV7Bh5
Jill,Francis,Barista,"Engineer, biomedical",smithmatthew@example.net,Josephhaven,650.421.3288x9529,53631,3YcASQO8
Bradley,Rice,Sports development officer,Insurance broker,owenerika@example.net,East Lisa,(895)845-3383,98529,HBRJ9PVG
Jennifer,Saunders,Energy manager,Microbiologist,thomas16@example.net,Richardfurt,832.470.0547x482,82440,aycYYKVB
Rhonda,Stewart,Tourist information centre manager,Intelligence analyst,julia13@example.com,Anthonyton,(440)855-7831x857,57148,983IMmCx
Ashley,Rodriguez,Dietitian,Historic buildings inspector/conservation officer,nmitchell@example.com,West Larry,(828)264-5102x197,35388,jUtVjyhc
Joanna,Santana,Counselling psychologist,Quality manager,janetsavage@example.com,New Frederickberg,8943873984,95371,vqsRWZlG
Barry,Thomas,Music therapist,Counsellor,fjimenez@example.com,Carlton,(439)724-8425,30026,tvBg8I9A
Timothy,Sanchez,Animal nutritionist,"Journalist, broadcasting",darcher@example.net,New Jillianburgh,001-713-492-1780x61365,95266,IyBJadfp
Linda,Lyons,Secondary school teacher,Lawyer,mcclainjason@example.org,Johnview,322.723.2418,3580,mOF7usYo
Jason,Lee,Garment/textile technologist,Television/film/video producer,peter05@example.org,Lake Paula,001-825-202-6156x52420,89038,7wsZjt7d
Nicole,Beard,Hospital doctor,Operational investment banker,mdowns@example.org,South Melinda,369-533-9583x25280,38101,bjpA3zMI
Matthew,Ramirez,Purchasing manager,Physiological scientist,gonzalezmarie@example.org,Robertafort,582.619.6827x1778,75749,ktCtKe69
Jeffrey,Chavez,"Exhibitions officer, museum/gallery",Clinical biochemist,lunakathryn@example.net,Port Mckenzie,+1-744-268-0975x7119,31731,ItowtVww
Corey,Miller,Print production planner,Mechanical engineer,wmills@example.com,Ashleyshire,753.711.5324x202,83602,mkrzz342
Kyle,Hill,Planning and development surveyor,Public affairs consultant,richard83@example.com,East Edwinhaven,972.405.8208x831,75066,2SMm7oZk
Anthony,Ryan,"Administrator, charities/voluntary organisations",Therapeutic radiographer,kennethfoley@example.com,New Timothytown,+1-345-573-2178,22694,Hibv1oNf
Mark,Higgins,"Editor, commissioning",Youth worker,bbrewer@example.com,Port Kevin,778-333-2625,7106,O5DHDd9g
Melissa,Arias,Trade union research officer,Freight forwarder,timothypace@example.com,Evanschester,752.253.6238,29331,xHhGjcd1
Jeff,Durham,Pensions consultant,Contracting civil engineer,blakeanderson@example.com,Robertbury,+1-854-711-1920x8974,66574,3iUnLdem
Elizabeth,Smith,Illustrator,"Conservator, museum/gallery",jenningssarah@example.org,South Amy,3322215196,5916,3qydf0Km
Alfred,Lozano,Agricultural consultant,"Librarian, public",perkinsthomas@example.com,Lake Wendy,001-700-610-5111x5134,78753,JZ7kW2Ge
Michael,Reed,"Designer, ceramics/pottery",Land,harolddavis@example.net,Robbinsbury,674-247-7767,26890,SbOHVfk7
Henry,Castillo,"Engineer, maintenance",Writer,charris@example.com,Joshuabury,445.552.0256,367,UovI6yvS
Heather,Davis,"Therapist, occupational",Biomedical engineer,lori44@example.com,Lake Juliefort,720-945-1262x0573,62684,Msy9aG2t
Cynthia,Cisneros,"Education officer, community",Equities trader,kristinabrandt@example.org,Garciashire,001-971-791-4024x330,57164,GwBpxkeS
John,Tate,Legal secretary,Administrator,ssimpson@example.org,Vanessaville,5465477384,48228,351nrUcy
Jill,Lucas,Commissioning editor,Theatre stage manager,sheila20@example.net,New Claireton,659.968.4896x013,80720,STC9m2nH
Zachary,Johnson,IT trainer,Clinical biochemist,courtney46@example.net,Beckyport,359-313-3464x5861,13517,d1OvQMiB
Scott,Jackson,"Surveyor, commercial/residential",Analytical chemist,froberts@example.net,Richardberg,576-539-5633x27575,83982,LquLDdBQ
Michael,Allen,"Psychotherapist, dance movement","Surveyor, rural practice",stephanie71@example.net,Lambmouth,(261)331-8732x9624,37861,83gUijSf
Evan,Spencer,Passenger transport manager,Television floor manager,coopergregory@example.net,Nguyenmouth,448.702.4627,90014,eXfM0Dw7
Lawrence,Howard,Music therapist,Further education lecturer,chansen@example.net,Rogermouth,936.495.4210,18188,dmMtlohh
James,Sandoval,International aid/development worker,"Engineer, broadcasting (operations)",crystalking@example.com,Sullivanport,965.882.7073,93501,amZ0GQBH
Allison,Gonzalez,Forest/woodland manager,Estate agent,sholder@example.com,Port Pamelaberg,918-350-4339,514,TBhWQ4Qd
Brendan,Parker,Writer,Adult guidance worker,lori58@example.com,West Mark,495.945.5612,96545,lDK6uMh6
Jennifer,Anthony,Training and development officer,Field trials officer,evilla@example.net,West Douglasview,+1-864-419-1003x18323,44894,WfvWkXla
Jonathon,Hernandez,Community pharmacist,Tax adviser,michaelkim@example.com,Kimberlychester,673-855-3537x95449,60587,jRn4O7s4
Diane,Bryant,"Engineer, civil (consulting)",Counselling psychologist,susandavis@example.org,Anthonyshire,549.280.0985x84428,12210,t8dyw4lq
Brenda,Hayes,"Conservator, furniture",Geographical information systems officer,aaron18@example.org,Velasquezfurt,665.294.7609x1812,1523,N9mu5mwc
Catherine,Johnson,"Engineer, site",Clinical cytogeneticist,zjones@example.org,South Williambury,(211)628-5140x2331,39239,jnYownT4
Sarah,Fisher,"Engineer, chemical",Systems analyst,jasonleblanc@example.com,Eddieshire,(290)517-5255x807,59115,s6ZvOQAb
Renee,Green,Chief Executive Officer,Health service manager,navarrosarah@example.org,Prestonmouth,727.322.4671x425,6558,NenjtSbD
Carla,Rubio,Information officer,Warehouse manager,melaniewatts@example.org,Laurabury,3499673437,98877,djYRpIHy
Regina,Bernard,"Designer, television/film set",Tax inspector,whitebrittany@example.org,Bergshire,001-572-444-5381x5208,43816,sdbNoem1
Scott,Hill,Waste management officer,"Biochemist, clinical",bellheather@example.com,Ginafurt,3726468833,52953,k9kChGi0
Hannah,Wyatt,Paediatric nurse,Hospital doctor,markdunlap@example.net,Melissamouth,001-942-935-7207x461,21829,L2owV4GQ
Teresa,Collins,Systems developer,Arboriculturist,hbrown@example.org,Smithfurt,+1-805-465-0734x5479,63586,i9F9DxWr
Jared,Frank,Minerals surveyor,"Engineer, maintenance",nicholasthompson@example.com,South Catherine,(871)424-0789x31498,85711,LORo1zGN
Thomas,Morrow,Water quality scientist,Software engineer,daniel30@example.com,Travistown,6937437149,38176,0GZix3t2
Henry,Smith,Equality and diversity officer,"Biochemist, clinical",chloekennedy@example.org,Lake Kathleenborough,840-703-9281x97705,50002,yRgZsWws
Danielle,Jordan,Financial manager,"Copywriter, advertising",muellerruth@example.com,West Kim,705-761-6734x5863,62244,FxaL9iFd
Larry,Garrett,Veterinary surgeon,Barista,danielle82@example.net,Mclaughlinview,745.554.3096,14624,cbCkoiqn
Ashley,Brewer,"Therapist, music",Energy manager,chansen@example.com,South Joshuafort,719.866.5171,3278,gpikmTrG
Christie,Johnson,Charity fundraiser,Immigration officer,malonedaniel@example.com,North Steven,001-556-601-9836x6072,35485,8nUfMH95
Jill,Martin,Research scientist (life sciences),"Engineer, broadcasting (operations)",bjuarez@example.com,East Madison,(963)796-3396,2923,WtrqeRKU
Andrea,Obrien,Minerals surveyor,"Editor, commissioning",campbelllori@example.net,Websterton,001-429-232-1868x6442,40341,XBJtqkZY
Michael,Michael,Exercise physiologist,Cabin crew,jchapman@example.org,North Isabelmouth,880.792.1764x3047,59145,qr1HJ6HK
Monica,Webster,Commercial horticulturist,"Designer, industrial/product",teresa40@example.net,Gabriellemouth,808-453-3163x35956,74011,hyVWZ0LH
Nathan,Smith,Retail buyer,Adult nurse,twilliams@example.com,Port Crystalton,654-752-8256x059,8887,ICNvj8Cm
Meagan,Levy,Immigration officer,Television camera operator,williamssarah@example.org,Andersonborough,9787454891,67701,8ijXInST
Alexander,Gonzalez,Manufacturing systems engineer,"Horticulturist, commercial",donsteele@example.org,Toddshire,(322)672-0889,13595,kEdW0hbp
Lawrence,Oconnor,"Designer, television/film set",Dance movement psychotherapist,nancyjackson@example.com,New Paulaborough,+1-408-371-7945,49302,05RZmh8n
Nicole,Briggs,"Copywriter, advertising",Electronics engineer,jamesjason@example.org,New Kimberlyshire,888.630.2182,16350,zEMzzorw
Joshua,Hodges,Video editor,"Teacher, early years/pre",aaron73@example.net,North Yolandaburgh,001-926-388-9875x5214,93228,neQBlKWD
Nancy,Thompson,Chiropractor,Health and safety adviser,wwilliams@example.com,Roblesside,+1-933-437-7056x94900,71407,CqhkJBaJ
Mario,Johnson,"Physicist, medical",Data scientist,zachary41@example.org,Gonzalezton,463.280.3642,51140,GTGrJaHj
Karen,James,Restaurant manager,Advice worker,dukechristopher@example.net,North Robertburgh,(545)472-9982x57175,4796,VKZyyIqG
William,Adams,Physiotherapist,Catering manager,mark13@example.net,Brownfurt,(372)686-2620x995,84223,kxWZ1OYU
Rebecca,Wilson,Food technologist,Multimedia programmer,frank65@example.net,New Rachelberg,+1-629-409-0066,65176,70Opip1y
Adam,Doyle,"Engineer, materials",Science writer,jack24@example.com,Greenport,001-602-555-4023x466,94832,57EwXOir
Linda,Ortiz,Industrial buyer,Occupational hygienist,benjaminhall@example.com,Ramosfurt,3074553975,79364,rTekzN70
Calvin,Roberts,"Engineer, petroleum",Midwife,kimberlymccarthy@example.org,Courtneyville,8002138573,33018,7JWSMWQw
Janet,Ferguson,Recruitment consultant,Medical laboratory scientific officer,swalker@example.org,Thomasmouth,924.768.4447,2787,gshlyENU
Bradley,Stephens,"Designer, furniture",Biomedical engineer,patrickwalter@example.org,Thomasport,(491)867-2078,56670,uA9Ya2f4
Johnny,Johnson,Archivist,Brewing technologist,scottashley@example.net,Port Tommyport,(925)394-1216,15084,cUBsIB0E
Suzanne,Mullins,Tourist information centre manager,"Producer, television/film/video",danamcdaniel@example.org,North Jenniferhaven,+1-632-648-2495x1765,17011,2BHnpIr8
David,Hodges,Chartered accountant,"Designer, furniture",mcintyremark@example.com,Fisherton,590.621.9605,42103,kMawvMZY
